Problem, Success-Rate, Avg-Path-len, Avg-Knn-dist, Time, Lambda
Example1, 1.0, 1.0, 0.6060606060606061, 0.038216590881347656, None
Example2, 1.0, 1.0909090909090908, 0.6212121212121212, 0.04067277908325195, None
Example3, 1.0, 1.0909090909090908, 0.6212121212121212, 0.0423579216003418, None
Example4, 1.0, 1.1515151515151516, 0.6515151515151515, 0.04445981979370117, None
Example5, 1.0, 1.1515151515151516, 0.3181818181818182, 0.04020500183105469, 1.0
Example5, 1.0, 1.303030303030303, 0.16161616161616163, 0.11962199211120605, 10.0
Example5, 0.9696969696969697, 1.375, 0.11458333333333333, 0.12481522560119629, 100.0
Example5, 0.9393939393939394, 1.3870967741935485, 0.08602150537634408, 0.12489151954650879, 1000.0
Example5, 0.7878787878787878, 1.2307692307692308, 0.0, 0.04028630256652832, 10000.0
